{
  "_generated": "Generated by SweetTooth, do not edit",
  "description": "Display system information in GNOME Shell status bar, such as memory, CPU, disk and battery usages, network rates\u2026",
  "gettext-domain": "system-monitor",
  "name": "system-monitor",
  "settings-schema": "org.gnome.shell.extensions.system-monitor",
  "shell-version": [
    "3.26",
    "3.28",
    "3.30",
    "3.34",
    "3.32",
    "3.36",
    "40"
  ],
  "url": "https://github.com/paradoxxxzero/gnome-shell-system-monitor-applet",
  "uuid": "system-monitor@paradoxxx.zero.gmail.com",
  "version": 40
}