<?xml version="1.0" encoding="UTF-8"?>
<schemalist gettext-domain="gnome-shell-extensions">
    <enum id="org.gnome.shell.extensions.screenshot.backend">
        <value nick="gnome-screenshot" value="0"/>
        <value nick="desktop-portal" value="1"/>
    </enum>

    <enum id="org.gnome.shell.extensions.screenshot.click-action">
        <value nick="show-menu" value="0"/>
        <value nick="select-area" value="1"/>
        <value nick="select-window" value="2"/>
        <value nick="select-desktop" value="3"/>
        <value nick="open-portal" value="4"/>
    </enum>

    <enum id="org.gnome.shell.extensions.screenshot.clipboard-action">
        <value nick="none" value="0"/>
        <value nick="set-image-data" value="1"/>
        <value nick="set-local-path" value="2"/>
        <value nick="set-remote-url" value="3"/>
    </enum>

    <schema
            id="org.gnome.shell.extensions.screenshot"
            path="/org/gnome/shell/extensions/screenshot/">

        <key name="backend" enum="org.gnome.shell.extensions.screenshot.backend">
            <default>'gnome-screenshot'</default>
        </key>

        <key name="shortcut-select-area" type="as">
            <default><![CDATA[['<Super>F11']]]></default>
        </key>

        <key name="shortcut-select-window" type="as">
            <default>[]</default>
        </key>

        <key name="shortcut-select-desktop" type="as">
            <default>[]</default>
        </key>

        <key name="shortcut-open-portal" type="as">
            <default>[]</default>
        </key>

        <key name="enable-indicator" type="b">
            <default>true</default>
        </key>

        <key name="enable-notification" type="b">
            <default>true</default>
        </key>

        <key name="capture-delay" type="i">
            <default>0</default>
        </key>

        <key
                name="click-action"
                enum="org.gnome.shell.extensions.screenshot.click-action">
            <default>'show-menu'</default>
        </key>

        <key name="save-screenshot" type="b">
            <default>false</default>
        </key>

        <key name="save-location" type="s">
            <default>'$PICTURES'</default>
            <summary>File Save Location</summary>
            <description>Location where screenshots are stored</description>
        </key>

        <key name="filename-template" type="s">
            <default>'{N}-{Y}{m}{d}{H}{M}{S}-{w}x{h}'</default>
            <summary>Filename Template</summary>
            <description>Name template for stored screenshots</description>
        </key>

        <key
                name="clipboard-action"
                enum="org.gnome.shell.extensions.screenshot.clipboard-action">
            <default>'none'</default>
        </key>

        <key
                name="copy-button-action"
                enum="org.gnome.shell.extensions.screenshot.clipboard-action">
            <default>'set-image-data'</default>
        </key>

        <key name="enable-imgur" type="b">
            <default>false</default>
        </key>

        <key name="imgur-enable-notification" type="b">
            <default>true</default>
        </key>

        <key name="imgur-auto-upload" type="b">
            <default>false</default>
        </key>

        <key name="imgur-auto-copy-link" type="b">
            <default>false</default>
        </key>

        <key name="imgur-auto-open-link" type="b">
            <default>false</default>
        </key>

        <key name="effect-rescale" type="i">
            <default>100</default>
        </key>

        <key name="enable-run-command" type="b">
            <default>false</default>
        </key>

        <key name="run-command" type="s">
            <default>'gimp {f}'</default>
        </key>
    </schema>
</schemalist>
