{
  "_generated": "Generated by SweetTooth, do not edit",
  "description": "A Simple Extension to Change 'Activities' Label with Logo and Text.\nYou can Keep Either\n1. Logo or\n2. Text or\n3. Both or\n4. None at all",
  "name": "Replace Activities Text",
  "settings-schema": "org.gnome.shell.extensions.replaceActivitiesText",
  "shell-version": [
    "40",
    "41",
    "42"
  ],
  "url": "https://github.com/PRATAP-KUMAR/ActivitiesText",
  "uuid": "replaceActivitiesText@pratap.fastmail.fm",
  "version": 11
}