
<schemalist>
<schema id="org.gnome.shell.extensions.replaceActivitiesText" path="/org/gnome/shell/extensions/replaceActivitiesText/">
  
<key name="icon-path" type="s">
<default>'/usr/share/icons/Adwaita/scalable/emotes/face-smile-big-symbolic.svg'</default>
<summary>Summary</summary>
<description>Description</description>
</key>

<key name="text" type="s">
<default>'Default'</default>
<summary>Summary</summary>
<description>Description</description>
</key>

<key name="icon-size" type="d">
<range min="1" max="2" />
<default>1.5</default>
<summary>Summary</summary>
<description>Description</description>
</key>

<key name="right-click" type="b">
<default>false</default>
<summary>Summary</summary>
<description>Description</description>
</key>
    
</schema>
</schemalist>
