{
  "_generated": "Generated by SweetTooth, do not edit",
  "description": "Conveniently create, copy, store and upload screenshots. Please log out and log in again after updating.",
  "gettext-domain": "gnome-shell-screenshot",
  "git-version": "v68",
  "name": "Screenshot Tool",
  "settings-schema": "org.gnome.shell.extensions.screenshot",
  "shell-version": [
    "40",
    "41",
    "42"
  ],
  "url": "https://github.com/OttoAllmendinger/gnome-shell-screenshot/",
  "uuid": "gnome-shell-screenshot@ttll.de",
  "version": 68
}