<?xml version="1.0"?>
<!--
 Copyright (C) 2016 Red Hat, Inc.

 This library is free software; you can redistribute it and/or
 modify it under the terms of the GNU Lesser General Public
 License as published by the Free Software Foundation; either
 version 2 of the License, or (at your option) any later version.

 This library is distributed in the hope that it will be useful,
 but WITHOUT ANY WARRANTY; without even the implied warranty of
 MERCHANTABILITY or FITNESS FOR A PARTICULAR PURPOSE.  See the GNU
 Lesser General Public License for more details.

 You should have received a copy of the GNU Lesser General Public
 License along with this library. If not, see <http://www.gnu.org/licenses/>.

 Author: Matthias Clasen <mclasen@redhat.com>
-->

<node name="/" xmlns:doc="http://www.freedesktop.org/dbus/1.0/doc.dtd">
  <!--
      org.freedesktop.portal.Screenshot:
      @short_description: Portal for taking screenshots

      This simple portal lets sandboxed applications request a screenshot.

      The screenshot will be made accessible to the application
      via the document portal, and the returned URI will point
      into the document portal fuse filesystem in /run/user/$UID/doc/.

      This documentation describes version 2 of this interface.
  -->
  <interface name="org.freedesktop.portal.Screenshot">
    <!--
        Screenshot:
        Supported keys in the @options vardict include:
        @parent_window: Identifier for the application window, see <link linkend="parent_window">Common Conventions</link>
        @options: Vardict with optional further information
        @handle: Object path for the #org.freedesktop.portal.Request object representing this call

        Takes a screenshot.

        Supported keys in the @options vardict include:
        <variablelist>
          <varlistentry>
            <term>handle_token s</term>
            <listitem><para>
              A string that will be used as the last element of the @handle. Must be a valid
              object path element. See the #org.freedesktop.portal.Request documentation for
              more information about the @handle.
            </para></listitem>
          </varlistentry>
          <varlistentry>
            <term>modal b</term>
            <listitem><para>
              Whether the dialog should be modal. Default is yes.
            </para></listitem>
          </varlistentry>
          <varlistentry>
            <term>interactive b</term>
            <listitem><para>
              Hint shether the dialog should offer customization before taking a screenshot.
              Default is no. Since version 2.
            </para></listitem>
          </varlistentry>
        </variablelist>

        The following results get returned via the #org.freedesktop.portal.Request::Response signal:
        <variablelist>
          <varlistentry>
            <term>uri s</term>
            <listitem><para>String containing the uri of the screenshot.</para></listitem>
          </varlistentry>
        </variablelist>

    -->
    <method name="Screenshot">
      <arg type="s" name="parent_window" direction="in"/>
      <arg type="a{sv}" name="options" direction="in"/>
      <arg type="o" name="handle" direction="out"/>
    </method>
    <!--
        PickColor:
        @parent_window: Identifier for the application window, see <link linkend="parent_window">Common Conventions</link>
        @options: Vardict with optional further information
        @handle: Object path for the #org.freedesktop.portal.Request object representing this call
         
        Obtains the color of a single pixel.

        Supported keys in the @options vardict include:
        <variablelist>
          <varlistentry>
            <term>handle_token s</term>
            <listitem><para>
              A string that will be used as the last element of the @handle. Must be a valid
              object path element. See the #org.freedesktop.portal.Request documentation for
              more information about the @handle.
            </para></listitem> 	
          </varlistentry>
        </variablelist>

        The following results get returned via the #org.freedesktop.portal.Request::Response signal:
        <variablelist>
          <varlistentry>
            <term>color (ddd)</term>
            <listitem><para>The color, rgb values in the range [0,1].</para></listitem>
          </varlistentry>
        </variablelist>
      -->
    <method name="PickColor">
      <arg type="s" name="parent_window" direction="in"/>
      <arg type="a{sv}" name="options" direction="in"/>
      <arg type="o" name="handle" direction="out"/>
    </method>
    <property name="version" type="u" access="read"/>
  </interface>
</node>
